step,window,fill_count,fill_probability,fill_total,mean_window,sd_window,optional_reset_rate,forced_reset_rate
0,1,0,0.00000000,100000,5.85701000,0.45644700,0.00000000,0.00000000
0,2,3,0.00003000,100000,5.85701000,0.45644700,0.00000000,0.00000000
0,3,30,0.00030000,100000,5.85701000,0.45644700,0.00000000,0.00000000
0,4,694,0.00694000,100000,5.85701000,0.45644700,0.00000000,0.00000000
0,5,16170,0.16170000,100000,5.85701000,0.45644700,0.00000000,0.00000000
0,6,79869,0.79869000,100000,5.85701000,0.45644700,0.00000000,0.00000000
0,7,3107,0.03107000,100000,5.85701000,0.45644700,0.00000000,0.00000000
0,8,127,0.00127000,100000,5.85701000,0.45644700,0.00000000,0.00000000
1,1,0,0.00000000,98347,6.31187530,0.75641219,0.00000000,0.01653000
1,2,2,0.00002034,98347,6.31187530,0.75641219,0.00000000,0.01653000
1,3,20,0.00020336,98347,6.31187530,0.75641219,0.00000000,0.01653000
1,4,427,0.00434177,98347,6.31187530,0.75641219,0.00000000,0.01653000
1,5,9684,0.09846767,98347,6.31187530,0.75641219,0.00000000,0.01653000
1,6,53413,0.54310757,98347,6.31187530,0.75641219,0.00000000,0.01653000
1,7,28324,0.28800065,98347,6.31187530,0.75641219,0.00000000,0.01653000
1,8,6477,0.06585864,98347,6.31187530,0.75641219,0.00000000,0.01653000
2,1,0,0.00000000,93692,6.79722922,0.81289663,0.00000000,0.06308000
2,2,2,0.00002135,93692,6.79722922,0.81289663,0.00000000,0.06308000
2,3,8,0.00008539,93692,6.79722922,0.81289663,0.00000000,0.06308000
2,4,191,0.00203859,93692,6.79722922,0.81289663,0.00000000,0.06308000
2,5,4334,0.04625795,93692,6.79722922,0.81289663,0.00000000,0.06308000
2,6,28123,0.30016437,93692,6.79722922,0.81289663,0.00000000,0.06308000
2,7,42626,0.45495880,93692,6.79722922,0.81289663,0.00000000,0.06308000
2,8,18408,0.19647355,93692,6.79722922,0.81289663,0.00000000,0.06308000
3,1,0,0.00000000,87377,7.18026483,0.73733512,0.00020000,0.12603000
3,2,1,0.00001144,87377,7.18026483,0.73733512,0.00020000,0.12603000
3,3,3,0.00003433,87377,7.18026483,0.73733512,0.00020000,0.12603000
3,4,113,0.00129325,87377,7.18026483,0.73733512,0.00020000,0.12603000
3,5,1554,0.01778500,87377,7.18026483,0.73733512,0.00020000,0.12603000
3,6,11911,0.13631734,87377,7.18026483,0.73733512,0.00020000,0.12603000
3,7,42669,0.48833217,87377,7.18026483,0.73733512,0.00020000,0.12603000
3,8,31126,0.35622647,87377,7.18026483,0.73733512,0.00020000,0.12603000
4,1,0,0.00000000,79792,7.28327401,0.85003271,0.02229000,0.17979000
4,2,5,0.00006266,79792,7.28327401,0.85003271,0.02229000,0.17979000
4,3,26,0.00032585,79792,7.28327401,0.85003271,0.02229000,0.17979000
4,4,345,0.00432374,79792,7.28327401,0.85003271,0.02229000,0.17979000
4,5,2646,0.03316122,79792,7.28327401,0.85003271,0.02229000,0.17979000
4,6,10384,0.13013836,79792,7.28327401,0.85003271,0.02229000,0.17979000
4,7,26943,0.33766543,79792,7.28327401,0.85003271,0.02229000,0.17979000
4,8,39443,0.49432274,79792,7.28327401,0.85003271,0.02229000,0.17979000
5,1,3,0.00004049,74096,7.18511121,1.04048510,0.05085000,0.20819000
5,2,26,0.00035090,74096,7.18511121,1.04048510,0.05085000,0.20819000
5,3,167,0.00225383,74096,7.18511121,1.04048510,0.05085000,0.20819000
5,4,1010,0.01363097,74096,7.18511121,1.04048510,0.05085000,0.20819000
5,5,5479,0.07394461,74096,7.18511121,1.04048510,0.05085000,0.20819000
5,6,9900,0.13361045,74096,7.18511121,1.04048510,0.05085000,0.20819000
5,7,19091,0.25765223,74096,7.18511121,1.04048510,0.05085000,0.20819000
5,8,38420,0.51851652,74096,7.18511121,1.04048510,0.05085000,0.20819000
6,1,12,0.00016644,72096,6.96152352,1.21231055,0.08492000,0.19412000
6,2,46,0.00063804,72096,6.96152352,1.21231055,0.08492000,0.19412000
6,3,364,0.00504882,72096,6.96152352,1.21231055,0.08492000,0.19412000
6,4,2056,0.02851753,72096,6.96152352,1.21231055,0.08492000,0.19412000
6,5,8910,0.12358522,72096,6.96152352,1.21231055,0.08492000,0.19412000
6,6,10772,0.14941190,72096,6.96152352,1.21231055,0.08492000,0.19412000
6,7,16192,0.22458944,72096,6.96152352,1.21231055,0.08492000,0.19412000
6,8,33744,0.46804261,72096,6.96152352,1.21231055,0.08492000,0.19412000
7,1,7,0.00009842,71126,6.70408852,1.33890367,0.12237000,0.16637000
7,2,68,0.00095605,71126,6.70408852,1.33890367,0.12237000,0.16637000
7,3,702,0.00986981,71126,6.70408852,1.33890367,0.12237000,0.16637000
7,4,4003,0.05628040,71126,6.70408852,1.33890367,0.12237000,0.16637000
7,5,11147,0.15672187,71126,6.70408852,1.33890367,0.12237000,0.16637000
7,6,11744,0.16511543,71126,6.70408852,1.33890367,0.12237000,0.16637000
7,7,15265,0.21461913,71126,6.70408852,1.33890367,0.12237000,0.16637000
7,8,28190,0.39633889,71126,6.70408852,1.33890367,0.12237000,0.16637000
8,1,24,0.00034275,70022,6.39313359,1.47013250,0.16228000,0.13750000
8,2,113,0.00161378,70022,6.39313359,1.47013250,0.16228000,0.13750000
8,3,1400,0.01999372,70022,6.39313359,1.47013250,0.16228000,0.13750000
8,4,7931,0.11326440,70022,6.39313359,1.47013250,0.16228000,0.13750000
8,5,11375,0.16244894,70022,6.39313359,1.47013250,0.16228000,0.13750000
8,6,11900,0.16994659,70022,6.39313359,1.47013250,0.16228000,0.13750000
8,7,15021,0.21451829,70022,6.39313359,1.47013250,0.16228000,0.13750000
8,8,22258,0.31787153,70022,6.39313359,1.47013250,0.16228000,0.13750000
9,1,26,0.00037130,70024,6.01650863,1.57148540,0.19194000,0.10782000
9,2,177,0.00252770,70024,6.01650863,1.57148540,0.19194000,0.10782000
9,3,2461,0.03514509,70024,6.01650863,1.57148540,0.19194000,0.10782000
9,4,13547,0.19346224,70024,6.01650863,1.57148540,0.19194000,0.10782000
9,5,11336,0.16188735,70024,6.01650863,1.57148540,0.19194000,0.10782000
9,6,11663,0.16655718,70024,6.01650863,1.57148540,0.19194000,0.10782000
9,7,13821,0.19737519,70024,6.01650863,1.57148540,0.19194000,0.10782000
9,8,16993,0.24267394,70024,6.01650863,1.57148540,0.19194000,0.10782000
10,1,50,0.00070533,70889,5.69724499,1.61388948,0.21065000,0.08046000
10,2,387,0.00545924,70889,5.69724499,1.61388948,0.21065000,0.08046000
10,3,4032,0.05687765,70889,5.69724499,1.61388948,0.21065000,0.08046000
10,4,17126,0.24158896,70889,5.69724499,1.61388948,0.21065000,0.08046000
10,5,12620,0.17802480,70889,5.69724499,1.61388948,0.21065000,0.08046000
10,6,10860,0.15319725,70889,5.69724499,1.61388948,0.21065000,0.08046000
10,7,12324,0.17384926,70889,5.69724499,1.61388948,0.21065000,0.08046000
10,8,13490,0.19029751,70889,5.69724499,1.61388948,0.21065000,0.08046000
11,1,98,0.00137004,71531,5.39223553,1.65647273,0.22373000,0.06096000
11,2,1116,0.01560163,71531,5.39223553,1.65647273,0.22373000,0.06096000
11,3,7512,0.10501741,71531,5.39223553,1.65647273,0.22373000,0.06096000
11,4,16732,0.23391257,71531,5.39223553,1.65647273,0.22373000,0.06096000
11,5,14586,0.20391159,71531,5.39223553,1.65647273,0.22373000,0.06096000
11,6,10022,0.14010709,71531,5.39223553,1.65647273,0.22373000,0.06096000
11,7,10864,0.15187821,71531,5.39223553,1.65647273,0.22373000,0.06096000
11,8,10601,0.14820148,71531,5.39223553,1.65647273,0.22373000,0.06096000
12,1,148,0.00202421,73115,5.07080626,1.69974288,0.22034000,0.04851000
12,2,2313,0.03163510,73115,5.07080626,1.69974288,0.22034000,0.04851000
12,3,12810,0.17520345,73115,5.07080626,1.69974288,0.22034000,0.04851000
12,4,14905,0.20385694,73115,5.07080626,1.69974288,0.22034000,0.04851000
12,5,15928,0.21784859,73115,5.07080626,1.69974288,0.22034000,0.04851000
12,6,9088,0.12429734,73115,5.07080626,1.69974288,0.22034000,0.04851000
12,7,9624,0.13162826,73115,5.07080626,1.69974288,0.22034000,0.04851000
12,8,8299,0.11350612,73115,5.07080626,1.69974288,0.22034000,0.04851000
13,1,267,0.00356523,74890,4.81671785,1.68274279,0.21279000,0.03831000
13,2,3070,0.04099346,74890,4.81671785,1.68274279,0.21279000,0.03831000
13,3,16223,0.21662438,74890,4.81671785,1.68274279,0.21279000,0.03831000
13,4,15630,0.20870610,74890,4.81671785,1.68274279,0.21279000,0.03831000
13,5,17019,0.22725330,74890,4.81671785,1.68274279,0.21279000,0.03831000
13,6,7549,0.10080118,74890,4.81671785,1.68274279,0.21279000,0.03831000
13,7,8317,0.11105622,74890,4.81671785,1.68274279,0.21279000,0.03831000
13,8,6815,0.09100013,74890,4.81671785,1.68274279,0.21279000,0.03831000
14,1,795,0.01049741,75733,4.63095348,1.63736928,0.21003000,0.03264000
14,2,3536,0.04669035,75733,4.63095348,1.63736928,0.21003000,0.03264000
14,3,16754,0.22122457,75733,4.63095348,1.63736928,0.21003000,0.03264000
14,4,17466,0.23062602,75733,4.63095348,1.63736928,0.21003000,0.03264000
14,5,18570,0.24520354,75733,4.63095348,1.63736928,0.21003000,0.03264000
14,6,5967,0.07878996,75733,4.63095348,1.63736928,0.21003000,0.03264000
14,7,7089,0.09360517,75733,4.63095348,1.63736928,0.21003000,0.03264000
14,8,5556,0.07336300,75733,4.63095348,1.63736928,0.21003000,0.03264000
15,1,3018,0.03988845,75661,4.44008142,1.65292329,0.21669000,0.02670000
15,2,4045,0.05346215,75661,4.44008142,1.65292329,0.21669000,0.02670000
15,3,14938,0.19743329,75661,4.44008142,1.65292329,0.21669000,0.02670000
15,4,18029,0.23828657,75661,4.44008142,1.65292329,0.21669000,0.02670000
15,5,20611,0.27241247,75661,4.44008142,1.65292329,0.21669000,0.02670000
15,6,4672,0.06174912,75661,4.44008142,1.65292329,0.21669000,0.02670000
15,7,5968,0.07887815,75661,4.44008142,1.65292329,0.21669000,0.02670000
15,8,4380,0.05788980,75661,4.44008142,1.65292329,0.21669000,0.02670000
16,1,6780,0.09013800,75218,4.19158978,1.75033756,0.22660000,0.02122000
16,2,5280,0.07019596,75218,4.19158978,1.75033756,0.22660000,0.02122000
16,3,12583,0.16728709,75218,4.19158978,1.75033756,0.22660000,0.02122000
16,4,17154,0.22805711,75218,4.19158978,1.75033756,0.22660000,0.02122000
16,5,21168,0.28142200,75218,4.19158978,1.75033756,0.22660000,0.02122000
16,6,3634,0.04831290,75218,4.19158978,1.75033756,0.22660000,0.02122000
16,7,5018,0.06671275,75218,4.19158978,1.75033756,0.22660000,0.02122000
16,8,3601,0.04787418,75218,4.19158978,1.75033756,0.22660000,0.02122000
17,1,10313,0.13807739,74690,3.88256795,1.81066226,0.23611000,0.01699000
17,2,7476,0.10009372,74690,3.88256795,1.81066226,0.23611000,0.01699000
17,3,11478,0.15367519,74690,3.88256795,1.81066226,0.23611000,0.01699000
17,4,16008,0.21432588,74690,3.88256795,1.81066226,0.23611000,0.01699000
17,5,19828,0.26547061,74690,3.88256795,1.81066226,0.23611000,0.01699000
17,6,2764,0.03700629,74690,3.88256795,1.81066226,0.23611000,0.01699000
17,7,4050,0.05422413,74690,3.88256795,1.81066226,0.23611000,0.01699000
17,8,2773,0.03712679,74690,3.88256795,1.81066226,0.23611000,0.01699000
18,1,12844,0.16998637,75559,3.57904419,1.78930880,0.23061000,0.01380000
18,2,10061,0.13315422,75559,3.57904419,1.78930880,0.23061000,0.01380000
18,3,12286,0.16260141,75559,3.57904419,1.78930880,0.23061000,0.01380000
18,4,15850,0.20976985,75559,3.57904419,1.78930880,0.23061000,0.01380000
18,5,17196,0.22758374,75559,3.57904419,1.78930880,0.23061000,0.01380000
18,6,2142,0.02834871,75559,3.57904419,1.78930880,0.23061000,0.01380000
18,7,3067,0.04059080,75559,3.57904419,1.78930880,0.23061000,0.01380000
18,8,2113,0.02796490,75559,3.57904419,1.78930880,0.23061000,0.01380000
19,1,13916,0.18108474,76848,3.38723194,1.72070961,0.22178000,0.00974000
19,2,11703,0.15228763,76848,3.38723194,1.72070961,0.22178000,0.00974000
19,3,13932,0.18129294,76848,3.38723194,1.72070961,0.22178000,0.00974000
19,4,16979,0.22094264,76848,3.38723194,1.72070961,0.22178000,0.00974000
19,5,14505,0.18874922,76848,3.38723194,1.72070961,0.22178000,0.00974000
19,6,1608,0.02092442,76848,3.38723194,1.72070961,0.22178000,0.00974000
19,7,2545,0.03311732,76848,3.38723194,1.72070961,0.22178000,0.00974000
19,8,1660,0.02160108,76848,3.38723194,1.72070961,0.22178000,0.00974000
20,1,14457,0.18714321,77251,3.24575734,1.63110000,0.21975000,0.00774000
20,2,12409,0.16063222,77251,3.24575734,1.63110000,0.21975000,0.00774000
20,3,15348,0.19867704,77251,3.24575734,1.63110000,0.21975000,0.00774000
20,4,18701,0.24208101,77251,3.24575734,1.63110000,0.21975000,0.00774000
20,5,11804,0.15280061,77251,3.24575734,1.63110000,0.21975000,0.00774000
20,6,1343,0.01738489,77251,3.24575734,1.63110000,0.21975000,0.00774000
20,7,1975,0.02556601,77251,3.24575734,1.63110000,0.21975000,0.00774000
20,8,1214,0.01571501,77251,3.24575734,1.63110000,0.21975000,0.00774000
21,1,14866,0.18979891,78325,3.16165975,1.55697442,0.21088000,0.00587000
21,2,12622,0.16114906,78325,3.16165975,1.55697442,0.21088000,0.00587000
21,3,16630,0.21232046,78325,3.16165975,1.55697442,0.21088000,0.00587000
21,4,20540,0.26224066,78325,3.16165975,1.55697442,0.21088000,0.00587000
21,5,10025,0.12799234,78325,3.16165975,1.55697442,0.21088000,0.00587000
21,6,1100,0.01404405,78325,3.16165975,1.55697442,0.21088000,0.00587000
21,7,1584,0.02022343,78325,3.16165975,1.55697442,0.21088000,0.00587000
21,8,958,0.01223109,78325,3.16165975,1.55697442,0.21088000,0.00587000
22,1,14586,0.18668885,78130,3.09454755,1.48864286,0.21359000,0.00511000
22,2,13420,0.17176501,78130,3.09454755,1.48864286,0.21359000,0.00511000
22,3,17201,0.22015871,78130,3.09454755,1.48864286,0.21359000,0.00511000
22,4,21441,0.27442724,78130,3.09454755,1.48864286,0.21359000,0.00511000
22,5,8603,0.11011135,78130,3.09454755,1.48864286,0.21359000,0.00511000
22,6,907,0.01160886,78130,3.09454755,1.48864286,0.21359000,0.00511000
22,7,1249,0.01598618,78130,3.09454755,1.48864286,0.21359000,0.00511000
22,8,723,0.00925381,78130,3.09454755,1.48864286,0.21359000,0.00511000
23,1,14232,0.17999696,79068,3.04530278,1.42697901,0.20570000,0.00362000
23,2,14515,0.18357616,79068,3.04530278,1.42697901,0.20570000,0.00362000
23,3,18115,0.22910659,79068,3.04530278,1.42697901,0.20570000,0.00362000
23,4,22362,0.28281985,79068,3.04530278,1.42697901,0.20570000,0.00362000
23,5,7497,0.09481712,79068,3.04530278,1.42697901,0.20570000,0.00362000
23,6,734,0.00928315,79068,3.04530278,1.42697901,0.20570000,0.00362000
23,7,1062,0.01343148,79068,3.04530278,1.42697901,0.20570000,0.00362000
23,8,551,0.00696869,79068,3.04530278,1.42697901,0.20570000,0.00362000
24,1,13540,0.17334306,78111,2.99750355,1.36700631,0.21592000,0.00297000
24,2,15128,0.19367311,78111,2.99750355,1.36700631,0.21592000,0.00297000
24,3,19128,0.24488228,78111,2.99750355,1.36700631,0.21592000,0.00297000
24,4,22150,0.28357082,78111,2.99750355,1.36700631,0.21592000,0.00297000
24,5,6299,0.08064165,78111,2.99750355,1.36700631,0.21592000,0.00297000
24,6,634,0.00811665,78111,2.99750355,1.36700631,0.21592000,0.00297000
24,7,797,0.01020343,78111,2.99750355,1.36700631,0.21592000,0.00297000
24,8,435,0.00556900,78111,2.99750355,1.36700631,0.21592000,0.00297000
25,1,13707,0.17467377,78472,2.93345397,1.32113331,0.21283000,0.00245000
25,2,15911,0.20276022,78472,2.93345397,1.32113331,0.21283000,0.00245000
25,3,20376,0.25965950,78472,2.93345397,1.32113331,0.21283000,0.00245000
25,4,21742,0.27706698,78472,2.93345397,1.32113331,0.21283000,0.00245000
25,5,5211,0.06640585,78472,2.93345397,1.32113331,0.21283000,0.00245000
25,6,518,0.00660108,78472,2.93345397,1.32113331,0.21283000,0.00245000
25,7,650,0.00828321,78472,2.93345397,1.32113331,0.21283000,0.00245000
25,8,357,0.00454939,78472,2.93345397,1.32113331,0.21283000,0.00245000
26,1,13661,0.17212443,79367,2.89231041,1.27236665,0.20421000,0.00212000
26,2,16750,0.21104489,79367,2.89231041,1.27236665,0.20421000,0.00212000
26,3,21191,0.26700014,79367,2.89231041,1.27236665,0.20421000,0.00212000
26,4,22199,0.27970063,79367,2.89231041,1.27236665,0.20421000,0.00212000
26,5,4395,0.05537566,79367,2.89231041,1.27236665,0.20421000,0.00212000
26,6,416,0.00524147,79367,2.89231041,1.27236665,0.20421000,0.00212000
26,7,487,0.00613605,79367,2.89231041,1.27236665,0.20421000,0.00212000
26,8,268,0.00337672,79367,2.89231041,1.27236665,0.20421000,0.00212000
27,1,13078,0.16647784,78557,2.85807757,1.23176753,0.21303000,0.00140000
27,2,17577,0.22374836,78557,2.85807757,1.23176753,0.21303000,0.00140000
27,3,21703,0.27627073,78557,2.85807757,1.23176753,0.21303000,0.00140000
27,4,21577,0.27466680,78557,2.85807757,1.23176753,0.21303000,0.00140000
27,5,3653,0.04650127,78557,2.85807757,1.23176753,0.21303000,0.00140000
27,6,383,0.00487544,78557,2.85807757,1.23176753,0.21303000,0.00140000
27,7,378,0.00481179,78557,2.85807757,1.23176753,0.21303000,0.00140000
27,8,208,0.00264776,78557,2.85807757,1.23176753,0.21303000,0.00140000
28,1,13012,0.16659412,78106,2.80575116,1.19496537,0.21767000,0.00127000
28,2,18496,0.23680639,78106,2.80575116,1.19496537,0.21767000,0.00127000
28,3,22342,0.28604717,78106,2.80575116,1.19496537,0.21767000,0.00127000
28,4,20570,0.26336005,78106,2.80575116,1.19496537,0.21767000,0.00127000
28,5,2908,0.03723145,78106,2.80575116,1.19496537,0.21767000,0.00127000
28,6,317,0.00405859,78106,2.80575116,1.19496537,0.21767000,0.00127000
28,7,294,0.00376412,78106,2.80575116,1.19496537,0.21767000,0.00127000
28,8,167,0.00213812,78106,2.80575116,1.19496537,0.21767000,0.00127000
29,1,13155,0.16918309,77756,2.76539431,1.17526510,0.22133000,0.00111000
29,2,19075,0.24531869,77756,2.76539431,1.17526510,0.22133000,0.00111000
29,3,22835,0.29367509,77756,2.76539431,1.17526510,0.22133000,0.00111000
29,4,19522,0.25106744,77756,2.76539431,1.17526510,0.22133000,0.00111000
29,5,2425,0.03118730,77756,2.76539431,1.17526510,0.22133000,0.00111000
29,6,352,0.00452698,77756,2.76539431,1.17526510,0.22133000,0.00111000
29,7,245,0.00315088,77756,2.76539431,1.17526510,0.22133000,0.00111000
29,8,147,0.00189053,77756,2.76539431,1.17526510,0.22133000,0.00111000
30,1,13610,0.17732668,76751,2.70664877,1.15870789,0.23124000,0.00125000
30,2,19900,0.25928001,76751,2.70664877,1.15870789,0.23124000,0.00125000
30,3,22425,0.29217860,76751,2.70664877,1.15870789,0.23124000,0.00125000
30,4,18053,0.23521518,76751,2.70664877,1.15870789,0.23124000,0.00125000
30,5,2155,0.02807781,76751,2.70664877,1.15870789,0.23124000,0.00125000
30,6,310,0.00403904,76751,2.70664877,1.15870789,0.23124000,0.00125000
30,7,178,0.00231919,76751,2.70664877,1.15870789,0.23124000,0.00125000
30,8,120,0.00156350,76751,2.70664877,1.15870789,0.23124000,0.00125000
31,1,14121,0.18292162,77197,2.67195616,1.15542549,0.22699000,0.00104000
31,2,20795,0.26937575,77197,2.67195616,1.15542549,0.22699000,0.00104000
31,3,22229,0.28795160,77197,2.67195616,1.15542549,0.22699000,0.00104000
31,4,17421,0.22566939,77197,2.67195616,1.15542549,0.22699000,0.00104000
31,5,1996,0.02585593,77197,2.67195616,1.15542549,0.22699000,0.00104000
31,6,341,0.00441727,77197,2.67195616,1.15542549,0.22699000,0.00104000
31,7,193,0.00250010,77197,2.67195616,1.15542549,0.22699000,0.00104000
31,8,101,0.00130834,77197,2.67195616,1.15542549,0.22699000,0.00104000
32,1,14153,0.18634137,75952,2.64075995,1.15003787,0.23950000,0.00098000
32,2,21375,0.28142774,75952,2.64075995,1.15003787,0.23950000,0.00098000
32,3,21596,0.28433748,75952,2.64075995,1.15003787,0.23950000,0.00098000
32,4,16208,0.21339794,75952,2.64075995,1.15003787,0.23950000,0.00098000
32,5,2001,0.02634559,75952,2.64075995,1.15003787,0.23950000,0.00098000
32,6,381,0.00501633,75952,2.64075995,1.15003787,0.23950000,0.00098000
32,7,147,0.00193543,75952,2.64075995,1.15003787,0.23950000,0.00098000
32,8,91,0.00119813,75952,2.64075995,1.15003787,0.23950000,0.00098000
33,1,14804,0.19411263,76265,2.61454140,1.15619286,0.23640000,0.00095000
33,2,21826,0.28618632,76265,2.61454140,1.15619286,0.23640000,0.00095000
33,3,21383,0.28037763,76265,2.61454140,1.15619286,0.23640000,0.00095000
33,4,15419,0.20217662,76265,2.61454140,1.15619286,0.23640000,0.00095000
33,5,2169,0.02844031,76265,2.61454140,1.15619286,0.23640000,0.00095000
33,6,452,0.00592670,76265,2.61454140,1.15619286,0.23640000,0.00095000
33,7,136,0.00178326,76265,2.61454140,1.15619286,0.23640000,0.00095000
33,8,76,0.00099653,76265,2.61454140,1.15619286,0.23640000,0.00095000
34,1,14897,0.19990338,74521,2.59387287,1.16436515,0.25391000,0.00088000
34,2,21861,0.29335355,74521,2.59387287,1.16436515,0.25391000,0.00088000
34,3,20396,0.27369466,74521,2.59387287,1.16436515,0.25391000,0.00088000
34,4,14270,0.19148965,74521,2.59387287,1.16436515,0.25391000,0.00088000
34,5,2408,0.03231304,74521,2.59387287,1.16436515,0.25391000,0.00088000
34,6,508,0.00681687,74521,2.59387287,1.16436515,0.25391000,0.00088000
34,7,125,0.00167738,74521,2.59387287,1.16436515,0.25391000,0.00088000
34,8,56,0.00075147,74521,2.59387287,1.16436515,0.25391000,0.00088000
35,1,16032,0.21700935,73877,2.55388010,1.19009987,0.26044000,0.00079000
35,2,22069,0.29872626,73877,2.55388010,1.19009987,0.26044000,0.00079000
35,3,19166,0.25943122,73877,2.55388010,1.19009987,0.26044000,0.00079000
35,4,13116,0.17753834,73877,2.55388010,1.19009987,0.26044000,0.00079000
35,5,2706,0.03662845,73877,2.55388010,1.19009987,0.26044000,0.00079000
35,6,569,0.00770199,73877,2.55388010,1.19009987,0.26044000,0.00079000
35,7,155,0.00209808,73877,2.55388010,1.19009987,0.26044000,0.00079000
35,8,64,0.00086630,73877,2.55388010,1.19009987,0.26044000,0.00079000
36,1,16828,0.22897730,73492,2.53501061,1.21265819,0.26403000,0.00105000
36,2,21812,0.29679421,73492,2.53501061,1.21265819,0.26403000,0.00105000
36,3,18799,0.25579655,73492,2.53501061,1.21265819,0.26403000,0.00105000
36,4,12010,0.16341915,73492,2.53501061,1.21265819,0.26403000,0.00105000
36,5,3120,0.04245360,73492,2.53501061,1.21265819,0.26403000,0.00105000
36,6,702,0.00955206,73492,2.53501061,1.21265819,0.26403000,0.00105000
36,7,166,0.00225875,73492,2.53501061,1.21265819,0.26403000,0.00105000
36,8,55,0.00074838,73492,2.53501061,1.21265819,0.26403000,0.00105000
37,1,17481,0.23819646,73389,2.54441401,1.25427763,0.26504000,0.00107000
37,2,21491,0.29283680,73389,2.54441401,1.25427763,0.26504000,0.00107000
37,3,17818,0.24278843,73389,2.54441401,1.25427763,0.26504000,0.00107000
37,4,11571,0.15766668,73389,2.54441401,1.25427763,0.26504000,0.00107000
37,5,3908,0.05325049,73389,2.54441401,1.25427763,0.26504000,0.00107000
37,6,896,0.01220891,73389,2.54441401,1.25427763,0.26504000,0.00107000
37,7,177,0.00241181,73389,2.54441401,1.25427763,0.26504000,0.00107000
37,8,47,0.00064042,73389,2.54441401,1.25427763,0.26504000,0.00107000
38,1,17840,0.24870351,71732,2.53493559,1.29425212,0.28140000,0.00128000
38,2,21261,0.29639491,71732,2.53493559,1.29425212,0.28140000,0.00128000
38,3,16646,0.23205822,71732,2.53493559,1.29425212,0.28140000,0.00128000
38,4,10112,0.14096916,71732,2.53493559,1.29425212,0.28140000,0.00128000
38,5,4504,0.06278927,71732,2.53493559,1.29425212,0.28140000,0.00128000
38,6,1077,0.01501422,71732,2.53493559,1.29425212,0.28140000,0.00128000
38,7,230,0.00320638,71732,2.53493559,1.29425212,0.28140000,0.00128000
38,8,62,0.00086433,71732,2.53493559,1.29425212,0.28140000,0.00128000
39,1,18686,0.26110164,71566,2.54599950,1.35216686,0.28300000,0.00134000
39,2,21164,0.29572702,71566,2.54599950,1.35216686,0.28300000,0.00134000
39,3,15043,0.21019758,71566,2.54599950,1.35216686,0.28300000,0.00134000
39,4,9317,0.13018752,71566,2.54599950,1.35216686,0.28300000,0.00134000
39,5,5723,0.07996814,71566,2.54599950,1.35216686,0.28300000,0.00134000
39,6,1302,0.01819300,71566,2.54599950,1.35216686,0.28300000,0.00134000
39,7,279,0.00389850,71566,2.54599950,1.35216686,0.28300000,0.00134000
39,8,52,0.00072660,71566,2.54599950,1.35216686,0.28300000,0.00134000
40,1,19159,0.27070676,70774,2.57132563,1.41706537,0.29052000,0.00174000
40,2,20770,0.29346935,70774,2.57132563,1.41706537,0.29052000,0.00174000
40,3,13567,0.19169469,70774,2.57132563,1.41706537,0.29052000,0.00174000
40,4,8279,0.11697799,70774,2.57132563,1.41706537,0.29052000,0.00174000
40,5,6990,0.09876508,70774,2.57132563,1.41706537,0.29052000,0.00174000
40,6,1625,0.02296041,70774,2.57132563,1.41706537,0.29052000,0.00174000
40,7,305,0.00430949,70774,2.57132563,1.41706537,0.29052000,0.00174000
40,8,79,0.00111623,70774,2.57132563,1.41706537,0.29052000,0.00174000
41,1,19404,0.28140091,68955,2.61292147,1.50570658,0.30864000,0.00181000
41,2,20087,0.29130592,68955,2.61292147,1.50570658,0.30864000,0.00181000
41,3,11610,0.16837068,68955,2.61292147,1.50570658,0.30864000,0.00181000
41,4,6820,0.09890508,68955,2.61292147,1.50570658,0.30864000,0.00181000
41,5,8333,0.12084693,68955,2.61292147,1.50570658,0.30864000,0.00181000
41,6,2183,0.03165833,68955,2.61292147,1.50570658,0.30864000,0.00181000
41,7,421,0.00610543,68955,2.61292147,1.50570658,0.30864000,0.00181000
41,8,97,0.00140671,68955,2.61292147,1.50570658,0.30864000,0.00181000
42,1,20033,0.29391138,68160,2.67529343,1.60226326,0.31583000,0.00257000
42,2,19027,0.27915200,68160,2.67529343,1.60226326,0.31583000,0.00257000
42,3,9888,0.14507042,68160,2.67529343,1.60226326,0.31583000,0.00257000
42,4,5802,0.08512324,68160,2.67529343,1.60226326,0.31583000,0.00257000
42,5,9884,0.14501174,68160,2.67529343,1.60226326,0.31583000,0.00257000
42,6,2837,0.04162265,68160,2.67529343,1.60226326,0.31583000,0.00257000
42,7,565,0.00828932,68160,2.67529343,1.60226326,0.31583000,0.00257000
42,8,124,0.00181925,68160,2.67529343,1.60226326,0.31583000,0.00257000
43,1,20261,0.30041665,67443,2.78473674,1.70992513,0.32265000,0.00292000
43,2,17597,0.26091663,67443,2.78473674,1.70992513,0.32265000,0.00292000
43,3,8126,0.12048693,67443,2.78473674,1.70992513,0.32265000,0.00292000
43,4,5005,0.07421082,67443,2.78473674,1.70992513,0.32265000,0.00292000
43,5,11816,0.17519980,67443,2.78473674,1.70992513,0.32265000,0.00292000
43,6,3746,0.05554320,67443,2.78473674,1.70992513,0.32265000,0.00292000
43,7,734,0.01088326,67443,2.78473674,1.70992513,0.32265000,0.00292000
43,8,158,0.00234272,67443,2.78473674,1.70992513,0.32265000,0.00292000
44,1,20098,0.22628806,88816,3.52542335,1.93174316,0.10806000,0.00378000
44,2,16255,0.18301883,88816,3.52542335,1.93174316,0.10806000,0.00378000
44,3,7118,0.08014322,88816,3.52542335,1.93174316,0.10806000,0.00378000
44,4,4647,0.05232165,88816,3.52542335,1.93174316,0.10806000,0.00378000
44,5,26370,0.29690596,88816,3.52542335,1.93174316,0.10806000,0.00378000
44,6,12082,0.13603405,88816,3.52542335,1.93174316,0.10806000,0.00378000
44,7,1746,0.01965862,88816,3.52542335,1.93174316,0.10806000,0.00378000
44,8,500,0.00562962,88816,3.52542335,1.93174316,0.10806000,0.00378000
